{
  "version": "1.0.0",
  "created_date": "2025-04-07T10:34:41.460847",
  "model_description": "Crop recommendation system based on soil characteristics and location",
  "pipeline_steps": [
    "1. Location \u2192 Soil Prediction Models \u2192 Soil Characteristics",
    "2. Location \u2192 Weather API \u2192 Weather Data",
    "3. Soil + Weather \u2192 LLM \u2192 Validated Soil Profile",
    "4. Final Soil Profile + Location \u2192 Crop Recommender \u2192 Crop Recommendations"
  ],
  "input_schema": {
    "latitude": "float",
    "longitude": "float",
    "location_name": "string (optional)"
  },
  "output_schema": {
    "crop_recommendations": "list of crops with confidence scores",
    "soil_characteristics": "soil nutrient and pH levels",
    "weather_data": "current weather conditions"
  },
  "soil_model_accuracy": {
    "N_level": 0.7602739726027398,
    "P_level": 0.6301369863013698,
    "K_level": 0.6643835616438356,
    "pH_level": 0.863013698630137
  },
  "crop_classes": [
    "Aonla (Gooseberry)",
    "Apple",
    "Apple (high yield)",
    "Apples",
    "Apricot",
    "Arecanut",
    "Arhar",
    "Arhar (Pigeon pea)",
    "Bajra",
    "Bajra (Pearl Millet)",
    "Bamboo",
    "Banana",
    "Barley",
    "Basmati Rice",
    "Beans",
    "Bengal Gram",
    "Bengal gram",
    "Black Pepper",
    "Boro)",
    "Breadfruit",
    "Brinjal",
    "Brinjal)",
    "Buckwheat",
    "Buckwheat\u200b",
    "Cabbage",
    "Capsicum",
    "Cardamom",
    "Cashew",
    "Cashewnut",
    "Castor",
    "Cauliflower",
    "Chilli",
    "Chillies",
    "Citrus",
    "Citrus fruits",
    "Coconut",
    "Coffee",
    "Coriander",
    "Cotton",
    "Cotton\u200b",
    "Cumin",
    "Fenugreek",
    "Finger millet (Ragi)",
    "Flowers",
    "Flowers (like Chrysanthemum)",
    "Fruits",
    "Fruits like Chikoo (Sapota) and Mango",
    "Fruits like Mango and Cashew",
    "Fruits like Mango and Chikoo (Sapota)",
    "Garlic",
    "Garlic\u200b",
    "Ginger",
    "Gram",
    "Grape",
    "Grapes",
    "Green gram",
    "Greens",
    "Greens (urban/peri-urban)",
    "Groundnut",
    "Guava",
    "Jackfruit",
    "Jowar",
    "Jowar (Sorghum)",
    "Jute",
    "Kodo millet",
    "Kodo-kutki",
    "Large Cardamom",
    "Lentil",
    "Lentil (Masoor)",
    "Lentils",
    "Linseed",
    "Litchi",
    "Maize",
    "Mandua",
    "Mandua (Finger Millet)",
    "Mango",
    "Mango (notably Alphonso)",
    "Mentha (Mint)",
    "Mentha (mint)",
    "Millet",
    "Millets",
    "Minor millets",
    "Moong",
    "Mulberry",
    "Mulberry (Sericulture)",
    "Mustard",
    "Mustard\u200b",
    "Niger",
    "Oilseeds",
    "Oilseeds\u200b",
    "Onion",
    "Opium",
    "Orange",
    "Oranges",
    "Paddy",
    "Paddy (Aman",
    "Pea",
    "Pears",
    "Peas",
    "Pepper",
    "Pineapple",
    "Plums",
    "Pomegranate",
    "Potato",
    "Potatoes",
    "Pulses",
    "Ragi",
    "Ragi (Finger Millet)",
    "Rajma",
    "Rajma (Kidney Beans)",
    "Red Gram",
    "Red Gram (Tur)",
    "Red gram",
    "Rice",
    "Rubber",
    "Saffron",
    "Seasonal Vegetables",
    "Seasonal vegetables (Tomato",
    "Sericulture",
    "Sesame",
    "Soybean",
    "Spinach)",
    "Sugarcane",
    "Sunflower",
    "Tapioca",
    "Tea",
    "Tobacco",
    "Tomato",
    "Tomatoes",
    "Tuber crops",
    "Tubers",
    "Tur (Pigeon Pea)",
    "Turmeric",
    "Upland Rice",
    "Urad",
    "Urban area",
    "Urban crops: Spinach",
    "Urban farming: Vegetables",
    "Vegetables",
    "Vegetables (Okra",
    "Vegetables (Tomato",
    "Vegetables (Tomato)",
    "Vegetables (peri-urban farming)",
    "Walnut",
    "Wheat",
    "Yam",
    "and gram",
    "and maize",
    "and mustard.",
    "and oilseeds",
    "and paddy",
    "and pulses",
    "and soybean",
    "and wheat",
    "arecanut",
    "banana",
    "cardamom",
    "cashew",
    "coconut",
    "coffee",
    "gram",
    "herbs)",
    "limited agriculture (terrace farming: vegetables",
    "limited cultivation",
    "limited vegetables",
    "maize",
    "millets",
    "minimal agricultural activity",
    "minimal cultivation",
    "mustard",
    "oilseeds",
    "paddy",
    "pepper",
    "potato",
    "pulses",
    "rice",
    "rubber",
    "small farms",
    "soyabean",
    "soybean",
    "spices",
    "sugarcane",
    "tea",
    "terrace gardening",
    "wheat"
  ]
}